{
  "name": "Example Gmail Extension",
  "description": "Example extension showing use of the Streak Gmail SDK",
  "version": "0.1",
  "content_scripts": [
    {
      "matches": [
        "https://mail.google.com/*"
      ],
      "js": ["content.js"],
      "run_at": "document_end"
    }
  ],
  "background": {
    "scripts": ["background.js"],
    "persistent": false
  },
  "web_accessible_resources": [ "pageWorld.js" ],
  "permissions": [
    "https://mail.google.com/"
  ],
  "manifest_version": 2
}
